ctime,datname,numbackends,xact_commit,xact_rollback,blks_read,blks_hit,tup_returned,tup_fetched,tup_inserted,tup_updated,tup_deleted
1441234663.46738,template1,0,0,0,0,0,0,0,0,0,0
1441234663.46738,template0,0,0,0,0,0,0,0,0,0,0
1441234663.46738,postgres,0,33,0,443,3235,16167,1587,0,0,0
1441234663.46738,dbt3,5,146,0,40304722,92720845,1004239541,403564661,17,1,26
1441234723.47088,template1,0,0,0,0,0,0,0,0,0,0
1441234723.47088,template0,0,0,0,0,0,0,0,0,0,0
1441234723.47088,postgres,0,35,0,448,3306,17130,1598,0,0,0
1441234723.47088,dbt3,6,161,0,40304756,92724168,1004245631,403566319,17,1,26
1441234783.4727,template1,0,0,0,0,0,0,0,0,0,0
1441234783.4727,template0,0,0,0,0,0,0,0,0,0,0
1441234783.4727,postgres,0,37,0,448,3382,18093,1609,0,0,0
1441234783.4727,dbt3,6,171,0,40304756,92726415,1004250371,403567350,17,1,26
1441234843.47764,template1,0,0,0,0,0,0,0,0,0,0
1441234843.47764,template0,0,0,0,0,0,0,0,0,0,0
1441234843.47764,postgres,0,39,0,448,3458,19056,1620,0,0,0
1441234843.47764,dbt3,6,183,0,40304756,92729205,1004255780,403568689,17,1,26
1441234903.47568,template1,0,0,0,0,0,0,0,0,0,0
1441234903.47568,template0,0,0,0,0,0,0,0,0,0,0
1441234903.47568,postgres,0,41,0,448,3534,20019,1631,0,0,0
1441234903.47568,dbt3,6,201,0,41419012,107922357,1004261486,403570320,750729,2,26
1441234963.47775,template1,0,0,0,0,0,0,0,0,0,0
1441234963.47775,template0,0,0,0,0,0,0,0,0,0,0
1441234963.47775,postgres,0,43,0,448,3610,20982,1642,0,0,0
1441234963.47775,dbt3,6,215,0,41419012,107925690,1004267564,403571967,750729,2,26
1441235023.47917,template1,0,0,0,0,0,0,0,0,0,0
1441235023.47917,template0,0,0,0,0,0,0,0,0,0,0
1441235023.47917,postgres,0,45,0,448,3686,21945,1653,0,0,0
1441235023.47917,dbt3,6,225,0,41419012,107927937,1004272304,403572998,750729,2,26
1441235083.48084,template1,0,0,0,0,0,0,0,0,0,0
1441235083.48084,template0,0,0,0,0,0,0,0,0,0,0
1441235083.48084,postgres,0,47,0,448,3762,22908,1664,0,0,0
1441235083.48084,dbt3,6,237,0,41419012,107930727,1004277713,403574337,750729,2,26
1441235143.48653,template1,0,0,0,0,0,0,0,0,0,0
1441235143.48653,template0,0,0,0,0,0,0,0,0,0,0
1441235143.48653,postgres,0,49,0,448,3838,23871,1675,0,0,0
1441235143.48653,dbt3,6,249,0,41419012,107933517,1004283122,403575676,750729,2,26
1441235203.48524,template1,0,0,0,0,0,0,0,0,0,0
1441235203.48524,template0,0,0,0,0,0,0,0,0,0,0
1441235203.48524,postgres,0,51,0,480,3882,24834,1686,0,0,0
1441235203.48524,dbt3,6,267,0,46038755,107943492,1032070121,411327507,750730,3,26
1441235263.48648,template1,0,0,0,0,0,0,0,0,0,0
1441235263.48648,template0,0,0,0,0,0,0,0,0,0,0
1441235263.48648,postgres,0,53,0,512,3926,25797,1697,0,0,0
1441235263.48648,dbt3,6,285,0,52870061,120364354,1070144650,448078129,750731,4,26
1441235323.48819,template1,0,0,0,0,0,0,0,0,0,0
1441235323.48819,template0,0,0,0,0,0,0,0,0,0,0
1441235323.48819,postgres,0,55,0,512,4002,26760,1708,0,0,0
1441235323.48819,dbt3,6,297,0,52870109,120367096,1070150059,448079468,750731,4,26
1441235383.48981,template1,0,0,0,0,0,0,0,0,0,0
1441235383.48981,template0,0,0,0,0,0,0,0,0,0,0
1441235383.48981,postgres,0,57,0,512,4078,27723,1719,0,0,0
1441235383.48981,dbt3,6,309,0,52870109,120369886,1070155468,448080807,750731,4,26
1441235443.49174,template1,0,0,0,0,0,0,0,0,0,0
1441235443.49174,template0,0,0,0,0,0,0,0,0,0,0
1441235443.49174,postgres,0,59,0,512,4154,28686,1730,0,0,0
1441235443.49174,dbt3,6,321,0,52870109,120372676,1070160877,448082146,750731,4,26
1441235503.49305,template1,0,0,0,0,0,0,0,0,0,0
1441235503.49305,template0,0,0,0,0,0,0,0,0,0,0
1441235503.49305,postgres,0,61,0,512,4230,29649,1741,0,0,0
1441235503.49305,dbt3,6,335,0,52870109,120376009,1070166955,448083793,750731,4,26
1441235563.49489,template1,0,0,0,0,0,0,0,0,0,0
1441235563.49489,template0,0,0,0,0,0,0,0,0,0,0
1441235563.49489,postgres,0,63,0,512,4306,30612,1752,0,0,0
1441235563.49489,dbt3,6,345,0,52870109,120378256,1070171695,448084824,750731,4,26
1441235623.49651,template1,0,0,0,0,0,0,0,0,0,0
1441235623.49651,template0,0,0,0,0,0,0,0,0,0,0
1441235623.49651,postgres,0,65,0,512,4382,31575,1763,0,0,0
1441235623.49651,dbt3,6,359,0,52870109,120381589,1070177773,448086471,750731,4,26
1441235683.49814,template1,0,0,0,0,0,0,0,0,0,0
1441235683.49814,template0,0,0,0,0,0,0,0,0,0,0
1441235683.49814,postgres,0,67,0,512,4458,32538,1774,0,0,0
1441235683.49814,dbt3,6,371,0,52870109,120384379,1070183182,448087810,750731,4,26
1441235743.49993,template1,0,0,0,0,0,0,0,0,0,0
1441235743.49993,template0,0,0,0,0,0,0,0,0,0,0
1441235743.49993,postgres,0,69,0,512,4534,33501,1785,0,0,0
1441235743.49993,dbt3,6,381,0,52870109,120386626,1070187922,448088841,750731,4,26
1441235803.50482,template1,0,0,0,0,0,0,0,0,0,0
1441235803.50482,template0,0,0,0,0,0,0,0,0,0,0
1441235803.50482,postgres,0,71,0,512,4610,34464,1796,0,0,0
1441235803.50482,dbt3,6,393,0,52870109,120389416,1070193331,448090180,750731,4,26
1441235863.50789,template1,0,0,0,0,0,0,0,0,0,0
1441235863.50789,template0,0,0,0,0,0,0,0,0,0,0
1441235863.50789,postgres,0,73,0,512,4686,35427,1807,0,0,0
1441235863.50789,dbt3,6,405,0,52870109,120392206,1070198740,448091519,750731,4,26
1441235923.50768,template1,0,0,0,0,0,0,0,0,0,0
1441235923.50768,template0,0,0,0,0,0,0,0,0,0,0
1441235923.50768,postgres,0,75,0,512,4762,36390,1818,0,0,0
1441235923.50768,dbt3,6,423,0,68454027,412192424,1836721129,513367714,750732,5,26
1441235983.51276,template1,0,0,0,0,0,0,0,0,0,0
1441235983.51276,template0,0,0,0,0,0,0,0,0,0,0
1441235983.51276,postgres,0,77,0,528,4822,37353,1829,0,0,0
1441235983.51276,dbt3,6,435,0,68454027,412195214,1836726538,513369053,750732,5,26
1441236043.51737,template1,0,0,0,0,0,0,0,0,0,0
1441236043.51737,template0,0,0,0,0,0,0,0,0,0,0
1441236043.51737,postgres,0,79,0,558,4868,38316,1840,0,0,0
1441236043.51737,dbt3,6,447,0,68454046,412197985,1836731947,513370392,750732,5,26
1441236103.5188,template1,0,0,0,0,0,0,0,0,0,0
1441236103.5188,template0,0,0,0,0,0,0,0,0,0,0
1441236103.5188,postgres,0,81,0,590,4912,39279,1851,0,0,0
1441236103.5188,dbt3,6,459,0,68454111,412200710,1836737356,513371731,750732,5,26
1441236163.51569,template1,0,0,0,0,0,0,0,0,0,0
1441236163.51569,template0,0,0,0,0,0,0,0,0,0,0
1441236163.51569,postgres,0,83,0,622,4956,40242,1862,0,0,0
1441236163.51569,dbt3,6,471,0,68454264,412203347,1836742765,513373070,750732,5,26
1441236223.51724,template1,0,0,0,0,0,0,0,0,0,0
1441236223.51724,template0,0,0,0,0,0,0,0,0,0,0
1441236223.51724,postgres,0,85,0,641,5013,41205,1873,0,0,0
1441236223.51724,dbt3,6,491,0,75325643,436477237,1864072497,540672694,750733,6,26
1441236283.51912,template1,0,0,0,0,0,0,0,0,0,0
1441236283.51912,template0,0,0,0,0,0,0,0,0,0,0
1441236283.51912,postgres,0,87,0,673,5057,42168,1884,0,0,0
1441236283.51912,dbt3,6,501,0,75325715,436479412,1864077237,540673725,750733,6,26
1441236343.52049,template1,0,0,0,0,0,0,0,0,0,0
1441236343.52049,template0,0,0,0,0,0,0,0,0,0,0
1441236343.52049,postgres,0,89,0,692,5114,43131,1895,0,0,0
1441236343.52049,dbt3,6,525,0,86187305,437271764,1956589088,632211547,750735,8,26
1441236403.52425,template1,0,0,0,0,0,0,0,0,0,0
1441236403.52425,template0,0,0,0,0,0,0,0,0,0,0
1441236403.52425,postgres,0,91,0,692,5190,44094,1906,0,0,0
1441236403.52425,dbt3,6,537,0,86187327,437274532,1956594497,632212886,750735,8,26
1441236463.5256,template1,0,0,0,0,0,0,0,0,0,0
1441236463.5256,template0,0,0,0,0,0,0,0,0,0,0
1441236463.5256,postgres,0,93,0,692,5266,45057,1917,0,0,0
1441236463.5256,dbt3,6,549,0,86187327,437277322,1956599906,632214225,750735,8,26
1441236523.53019,template1,0,0,0,0,0,0,0,0,0,0
1441236523.53019,template0,0,0,0,0,0,0,0,0,0,0
1441236523.53019,postgres,0,95,0,692,5342,46020,1928,0,0,0
1441236523.53019,dbt3,6,561,0,86187327,437280112,1956605315,632215564,750735,8,26
1441236583.53363,template1,0,0,0,0,0,0,0,0,0,0
1441236583.53363,template0,0,0,0,0,0,0,0,0,0,0
1441236583.53363,postgres,1,97,0,692,5418,46983,1939,0,0,0
1441236583.53363,dbt3,6,575,0,86187327,437283445,1956611393,632217211,750735,8,26
1441236643.53227,template1,0,0,0,0,0,0,0,0,0,0
1441236643.53227,template0,0,0,0,0,0,0,0,0,0,0
1441236643.53227,postgres,0,97,0,692,5418,46983,1939,0,0,0
1441236643.53227,dbt3,6,588,0,86187327,437286912,1956618672,632218859,750735,8,26
1441236703.53418,template1,0,0,0,0,0,0,0,0,0,0
1441236703.53418,template0,0,0,0,0,0,0,0,0,0,0
1441236703.53418,postgres,0,99,0,692,5494,47946,1950,0,0,0
1441236703.53418,dbt3,6,597,0,86187327,437288482,1956621542,632219581,750735,8,26
1441236763.53575,template1,0,0,0,0,0,0,0,0,0,0
1441236763.53575,template0,0,0,0,0,0,0,0,0,0,0
1441236763.53575,postgres,0,101,0,692,5570,48909,1961,0,0,0
1441236763.53575,dbt3,6,609,0,86187327,437291272,1956626951,632220920,750735,8,26
1441236823.53765,template1,0,0,0,0,0,0,0,0,0,0
1441236823.53765,template0,0,0,0,0,0,0,0,0,0,0
1441236823.53765,postgres,0,103,0,692,5646,49872,1972,0,0,0
1441236823.53765,dbt3,6,621,0,86187327,437294062,1956632360,632222259,750735,8,26
1441236883.53958,template1,0,0,0,0,0,0,0,0,0,0
1441236883.53958,template0,0,0,0,0,0,0,0,0,0,0
1441236883.53958,postgres,0,105,0,692,5722,50835,1983,0,0,0
1441236883.53958,dbt3,6,633,0,86187327,437296852,1956637769,632223598,750735,8,26
1441236943.54117,template1,0,0,0,0,0,0,0,0,0,0
1441236943.54117,template0,0,0,0,0,0,0,0,0,0,0
1441236943.54117,postgres,0,107,0,692,5798,51798,1994,0,0,0
1441236943.54117,dbt3,6,645,0,86187327,437299642,1956643178,632224937,750735,8,26
1441237003.54294,template1,0,0,0,0,0,0,0,0,0,0
1441237003.54294,template0,0,0,0,0,0,0,0,0,0,0
1441237003.54294,postgres,0,109,0,692,5874,52761,2005,0,0,0
1441237003.54294,dbt3,6,657,0,86187327,437302432,1956648587,632226276,750735,8,26
1441237063.5446,template1,0,0,0,0,0,0,0,0,0,0
1441237063.5446,template0,0,0,0,0,0,0,0,0,0,0
1441237063.5446,postgres,0,111,0,692,5950,53724,2016,0,0,0
1441237063.5446,dbt3,6,669,0,86187327,437305222,1956653996,632227615,750735,8,26
1441237123.54649,template1,0,0,0,0,0,0,0,0,0,0
1441237123.54649,template0,0,0,0,0,0,0,0,0,0,0
1441237123.54649,postgres,0,113,0,692,6026,54687,2027,0,0,0
1441237123.54649,dbt3,6,681,0,86187327,437308012,1956659405,632228954,750735,8,26
1441237183.54842,template1,0,0,0,0,0,0,0,0,0,0
1441237183.54842,template0,0,0,0,0,0,0,0,0,0,0
1441237183.54842,postgres,0,115,0,692,6102,55650,2038,0,0,0
1441237183.54842,dbt3,6,693,0,86187327,437310802,1956664814,632230293,750735,8,26
1441237243.55718,template1,0,0,0,0,0,0,0,0,0,0
1441237243.55718,template0,0,0,0,0,0,0,0,0,0,0
1441237243.55718,postgres,0,117,0,692,6178,56613,2049,0,0,0
1441237243.55718,dbt3,4,707,0,86187327,437314135,1956670892,632231940,750735,8,26
1441237303.55524,template1,0,0,0,0,0,0,0,0,0,0
1441237303.55524,template0,0,0,0,0,0,0,0,0,0,0
1441237303.55524,postgres,0,119,0,692,6254,57576,2060,0,0,0
1441237303.55524,dbt3,6,723,0,109817963,439302949,3324460943,632234088,750736,9,26
1441237363.5566,template1,0,0,0,0,0,0,0,0,0,0
1441237363.5566,template0,0,0,0,0,0,0,0,0,0,0
1441237363.5566,postgres,0,121,0,692,6330,58539,2071,0,0,0
1441237363.5566,dbt3,6,735,0,109817963,439305739,3324466352,632235427,750736,9,26
1441237423.55857,template1,0,0,0,0,0,0,0,0,0,0
1441237423.55857,template0,0,0,0,0,0,0,0,0,0,0
1441237423.55857,postgres,0,123,0,692,6406,59502,2082,0,0,0
1441237423.55857,dbt3,6,747,0,109817963,439308529,3324471761,632236766,750736,9,26
1441237483.56085,template1,0,0,0,0,0,0,0,0,0,0
1441237483.56085,template0,0,0,0,0,0,0,0,0,0,0
1441237483.56085,postgres,0,125,0,692,6482,60465,2093,0,0,0
1441237483.56085,dbt3,6,759,0,109817963,439311319,3324477170,632238105,750736,9,26
1441237543.56206,template1,0,0,0,0,0,0,0,0,0,0
1441237543.56206,template0,0,0,0,0,0,0,0,0,0,0
1441237543.56206,postgres,0,127,0,692,6558,61428,2104,0,0,0
1441237543.56206,dbt3,6,771,0,109817963,439314109,3324482579,632239444,750736,9,26
1441237603.5638,template1,0,0,0,0,0,0,0,0,0,0
1441237603.5638,template0,0,0,0,0,0,0,0,0,0,0
1441237603.5638,postgres,0,129,0,692,6634,62391,2115,0,0,0
1441237603.5638,dbt3,6,783,0,109817963,439316899,3324487988,632240783,750736,9,26
1441237663.56565,template1,0,0,0,0,0,0,0,0,0,0
1441237663.56565,template0,0,0,0,0,0,0,0,0,0,0
1441237663.56565,postgres,0,131,0,692,6710,63354,2126,0,0,0
1441237663.56565,dbt3,6,795,0,109817963,439319689,3324493397,632242122,750736,9,26
1441237723.56807,template1,0,0,0,0,0,0,0,0,0,0
1441237723.56807,template0,0,0,0,0,0,0,0,0,0,0
1441237723.56807,postgres,0,133,0,708,6770,64317,2137,0,0,0
1441237723.56807,dbt3,5,814,0,116971714,440020831,3390515638,682061945,750737,10,26
1441237783.56935,template1,0,0,0,0,0,0,0,0,0,0
1441237783.56935,template0,0,0,0,0,0,0,0,0,0,0
1441237783.56935,postgres,0,135,0,724,6830,65280,2148,0,0,0
1441237783.56935,dbt3,6,825,0,116971725,440023385,3390520939,682063176,750737,10,26
1441237843.57242,template1,0,0,0,0,0,0,0,0,0,0
1441237843.57242,template0,0,0,0,0,0,0,0,0,0,0
1441237843.57242,postgres,0,137,0,724,6906,66243,2159,0,0,0
1441237843.57242,dbt3,6,837,0,116971725,440026175,3390526348,682064515,750737,10,26
1441237903.57599,template1,0,0,0,0,0,0,0,0,0,0
1441237903.57599,template0,0,0,0,0,0,0,0,0,0,0
1441237903.57599,postgres,0,139,0,724,6982,67206,2170,0,0,0
1441237903.57599,dbt3,6,849,0,116971725,440028965,3390531757,682065854,750737,10,26
1441237963.5864,template1,0,0,0,0,0,0,0,0,0,0
1441237963.5864,template0,0,0,0,0,0,0,0,0,0,0
1441237963.5864,postgres,0,141,0,724,7058,68169,2181,0,0,0
1441237963.5864,dbt3,6,861,0,116971744,440031736,3390537166,682067193,750737,10,26
1441238023.57987,template1,0,0,0,0,0,0,0,0,0,0
1441238023.57987,template0,0,0,0,0,0,0,0,0,0,0
1441238023.57987,postgres,0,143,0,756,7102,69132,2192,0,0,0
1441238023.57987,dbt3,6,873,0,116971883,440034387,3390542575,682068532,750737,10,26
1441238083.58141,template1,0,0,0,0,0,0,0,0,0,0
1441238083.58141,template0,0,0,0,0,0,0,0,0,0,0
1441238083.58141,postgres,0,145,0,788,7146,70095,2203,0,0,0
1441238083.58141,dbt3,6,885,0,116972006,440037054,3390547984,682069871,750737,10,26
1441238143.58361,template1,0,0,0,0,0,0,0,0,0,0
1441238143.58361,template0,0,0,0,0,0,0,0,0,0,0
1441238143.58361,postgres,0,147,0,820,7190,71058,2214,0,0,0
1441238143.58361,dbt3,6,897,0,116972148,440039702,3390553393,682071210,750737,10,26
1441238203.58478,template1,0,0,0,0,0,0,0,0,0,0
1441238203.58478,template0,0,0,0,0,0,0,0,0,0,0
1441238203.58478,postgres,0,149,0,852,7234,72021,2225,0,0,0
1441238203.58478,dbt3,6,909,0,116972271,440042369,3390558802,682072549,750737,10,26
1441238263.58661,template1,0,0,0,0,0,0,0,0,0,0
1441238263.58661,template0,0,0,0,0,0,0,0,0,0,0
1441238263.58661,postgres,0,151,0,871,7291,72984,2236,0,0,0
1441238263.58661,dbt3,6,921,0,116972310,440045120,3390564211,682073888,750737,10,26
1441238323.5884,template1,0,0,0,0,0,0,0,0,0,0
1441238323.5884,template0,0,0,0,0,0,0,0,0,0,0
1441238323.5884,postgres,0,153,0,901,7337,73947,2247,0,0,0
1441238323.5884,dbt3,6,933,0,116972356,440047864,3390569620,682075227,750737,10,26
1441238383.59336,template1,0,0,0,0,0,0,0,0,0,0
1441238383.59336,template0,0,0,0,0,0,0,0,0,0,0
1441238383.59336,postgres,0,155,0,920,7394,74910,2258,0,0,0
1441238383.59336,dbt3,6,945,0,116972446,440050564,3390575029,682076566,750737,10,26
1441238443.59696,template1,0,0,0,0,0,0,0,0,0,0
1441238443.59696,template0,0,0,0,0,0,0,0,0,0,0
1441238443.59696,postgres,0,157,0,952,7438,75873,2269,0,0,0
1441238443.59696,dbt3,6,957,0,116972569,440053231,3390580438,682077905,750737,10,26
1441238503.5979,template1,0,0,0,0,0,0,0,0,0,0
1441238503.5979,template0,0,0,0,0,0,0,0,0,0,0
1441238503.5979,postgres,0,159,0,971,7495,76836,2280,0,0,0
1441238503.5979,dbt3,6,969,0,116972613,440055977,3390585847,682079244,750737,10,26
1441238563.59903,template1,0,0,0,0,0,0,0,0,0,0
1441238563.59903,template0,0,0,0,0,0,0,0,0,0,0
1441238563.59903,postgres,0,161,0,1003,7539,77799,2291,0,0,0
1441238563.59903,dbt3,6,987,0,156317116,533670454,4395729035,1085976232,750738,11,26
1441238623.60092,template1,0,0,0,0,0,0,0,0,0,0
1441238623.60092,template0,0,0,0,0,0,0,0,0,0,0
1441238623.60092,postgres,0,163,0,1019,7599,78762,2302,0,0,0
1441238623.60092,dbt3,6,999,0,156317129,533673231,4395734444,1085977571,750738,11,26
1441238683.60244,template1,0,0,0,0,0,0,0,0,0,0
1441238683.60244,template0,0,0,0,0,0,0,0,0,0,0
1441238683.60244,postgres,0,165,0,1019,7675,79725,2313,0,0,0
1441238683.60244,dbt3,6,1011,0,156317129,533676021,4395739853,1085978910,750738,11,26
1441238743.60453,template1,0,0,0,0,0,0,0,0,0,0
1441238743.60453,template0,0,0,0,0,0,0,0,0,0,0
1441238743.60453,postgres,0,167,0,1019,7751,80688,2324,0,0,0
1441238743.60453,dbt3,6,1023,0,156317129,533678811,4395745262,1085980249,750738,11,26
1441238803.6062,template1,0,0,0,0,0,0,0,0,0,0
1441238803.6062,template0,0,0,0,0,0,0,0,0,0,0
1441238803.6062,postgres,0,169,0,1019,7827,81651,2335,0,0,0
1441238803.6062,dbt3,6,1041,0,158916071,534066827,4561051426,1085982328,750739,12,26
1441238863.60811,template1,0,0,0,0,0,0,0,0,0,0
1441238863.60811,template0,0,0,0,0,0,0,0,0,0,0
1441238863.60811,postgres,0,171,0,1019,7903,82614,2346,0,0,0
1441238863.60811,dbt3,6,1053,0,158916071,534069617,4561056835,1085983667,750739,12,26
1441238923.61005,template1,0,0,0,0,0,0,0,0,0,0
1441238923.61005,template0,0,0,0,0,0,0,0,0,0,0
1441238923.61005,postgres,0,173,0,1019,7979,83577,2357,0,0,0
1441238923.61005,dbt3,6,1065,0,158916071,534072407,4561062244,1085985006,750739,12,26
1441238983.612,template1,0,0,0,0,0,0,0,0,0,0
1441238983.612,template0,0,0,0,0,0,0,0,0,0,0
1441238983.612,postgres,0,175,0,1019,8055,84540,2368,0,0,0
1441238983.612,dbt3,6,1077,0,158916071,534075197,4561067653,1085986345,750739,12,26
1441239043.61638,template1,0,0,0,0,0,0,0,0,0,0
1441239043.61638,template0,0,0,0,0,0,0,0,0,0,0
1441239043.61638,postgres,0,177,0,1019,8131,85503,2379,0,0,0
1441239043.61638,dbt3,6,1095,0,172828778,534477522,5315613923,1088986438,750740,13,26
1441239103.61555,template1,0,0,0,0,0,0,0,0,0,0
1441239103.61555,template0,0,0,0,0,0,0,0,0,0,0
1441239103.61555,postgres,0,179,0,1019,8207,86466,2390,0,0,0
1441239103.61555,dbt3,6,1113,0,175168318,535499740,5471647686,1094716114,750741,14,26
1441239163.61762,template1,0,0,0,0,0,0,0,0,0,0
1441239163.61762,template0,0,0,0,0,0,0,0,0,0,0
1441239163.61762,postgres,0,181,0,1019,8283,87429,2401,0,0,0
1441239163.61762,dbt3,6,1131,0,177331123,535503673,5554855748,1097920088,750742,15,26
1441239223.62916,template1,0,0,0,0,0,0,0,0,0,0
1441239223.62916,template0,0,0,0,0,0,0,0,0,0,0
1441239223.62916,postgres,0,183,0,1019,8359,88392,2412,0,0,0
1441239223.62916,dbt3,6,1143,0,177331144,535506442,5554861157,1097921427,750742,15,26
1441239283.62467,template1,0,0,0,0,0,0,0,0,0,0
1441239283.62467,template0,0,0,0,0,0,0,0,0,0,0
1441239283.62467,postgres,0,185,0,1051,8403,89355,2423,0,0,0
1441239283.62467,dbt3,6,1155,0,177331278,535509098,5554866566,1097922766,750742,15,26
1441239343.62517,template1,0,0,0,0,0,0,0,0,0,0
1441239343.62517,template0,0,0,0,0,0,0,0,0,0,0
1441239343.62517,postgres,0,187,0,1083,8447,90318,2434,0,0,0
1441239343.62517,dbt3,6,1173,0,184910684,557928777,5565667985,1108697804,750743,16,26
1441239403.62694,template1,0,0,0,0,0,0,0,0,0,0
1441239403.62694,template0,0,0,0,0,0,0,0,0,0,0
1441239403.62694,postgres,0,189,0,1115,8491,91281,2445,0,0,0
1441239403.62694,dbt3,6,1191,0,188299659,561365420,5572198749,1115224428,750744,17,26
1441239463.62848,template1,0,0,0,0,0,0,0,0,0,0
1441239463.62848,template0,0,0,0,0,0,0,0,0,0,0
1441239463.62848,postgres,0,191,0,1147,8535,92244,2456,0,0,0
1441239463.62848,dbt3,6,1203,0,188299724,561368145,5572204158,1115225767,750744,17,26
1441239523.63022,template1,0,0,0,0,0,0,0,0,0,0
1441239523.63022,template0,0,0,0,0,0,0,0,0,0,0
1441239523.63022,postgres,0,193,0,1147,8611,93207,2467,0,0,0
1441239523.63022,dbt3,6,1215,0,188299728,561370931,5572209567,1115227106,750744,17,26
1441239583.6321,template1,0,0,0,0,0,0,0,0,0,0
1441239583.6321,template0,0,0,0,0,0,0,0,0,0,0
1441239583.6321,postgres,0,195,0,1163,8671,94170,2478,0,0,0
1441239583.6321,dbt3,6,1227,0,188299741,561373708,5572214976,1115228445,750744,17,26
1441239643.63404,template1,0,0,0,0,0,0,0,0,0,0
1441239643.63404,template0,0,0,0,0,0,0,0,0,0,0
1441239643.63404,postgres,0,197,0,1163,8747,95133,2489,0,0,0
1441239643.63404,dbt3,6,1239,0,188299746,561376493,5572220385,1115229784,750744,17,26
1441239703.63565,template1,0,0,0,0,0,0,0,0,0,0
1441239703.63565,template0,0,0,0,0,0,0,0,0,0,0
1441239703.63565,postgres,0,199,0,1179,8807,96096,2500,0,0,0
1441239703.63565,dbt3,6,1251,0,188299759,561379270,5572225794,1115231123,750744,17,26
1441239763.63742,template1,0,0,0,0,0,0,0,0,0,0
1441239763.63742,template0,0,0,0,0,0,0,0,0,0,0
1441239763.63742,postgres,0,201,0,1179,8883,97059,2511,0,0,0
1441239763.63742,dbt3,6,1263,0,188299764,561382055,5572231203,1115232462,750744,17,26
1441239823.64043,template1,0,0,0,0,0,0,0,0,0,0
1441239823.64043,template0,0,0,0,0,0,0,0,0,0,0
1441239823.64043,postgres,0,203,0,1195,8943,98022,2522,0,0,0
1441239823.64043,dbt3,6,1275,0,188299804,561384805,5572236612,1115233801,750744,17,26
1441239883.64124,template1,0,0,0,0,0,0,0,0,0,0
1441239883.64124,template0,0,0,0,0,0,0,0,0,0,0
1441239883.64124,postgres,0,205,0,1227,8987,98985,2533,0,0,0
1441239883.64124,dbt3,6,1293,0,201833067,561390162,5617896685,1160707727,750760,19,41
1441239943.64288,template1,0,0,0,0,0,0,0,0,0,0
1441239943.64288,template0,0,0,0,0,0,0,0,0,0,0
1441239943.64288,postgres,0,207,0,1246,9044,99948,2544,0,0,0
1441239943.64288,dbt3,6,1305,0,201833090,561392929,5617902094,1160709066,750760,19,41
1441240003.64467,template1,0,0,0,0,0,0,0,0,0,0
1441240003.64467,template0,0,0,0,0,0,0,0,0,0,0
1441240003.64467,postgres,0,209,0,1246,9120,100911,2555,0,0,0
1441240003.64467,dbt3,6,1317,0,201833090,561395719,5617907503,1160710405,750760,19,41
1441240063.64689,template1,0,0,0,0,0,0,0,0,0,0
1441240063.64689,template0,0,0,0,0,0,0,0,0,0,0
1441240063.64689,postgres,0,211,0,1246,9196,101874,2566,0,0,0
1441240063.64689,dbt3,6,1329,0,201833090,561398509,5617912912,1160711744,750760,19,41
1441240123.64861,template1,0,0,0,0,0,0,0,0,0,0
1441240123.64861,template0,0,0,0,0,0,0,0,0,0,0
1441240123.64861,postgres,0,213,0,1246,9272,102837,2577,0,0,0
1441240123.64861,dbt3,6,1341,0,201833090,561401299,5617918321,1160713083,750760,19,41
1441240183.65042,template1,0,0,0,0,0,0,0,0,0,0
1441240183.65042,template0,0,0,0,0,0,0,0,0,0,0
1441240183.65042,postgres,0,215,0,1246,9348,103800,2588,0,0,0
1441240183.65042,dbt3,6,1353,0,201833090,561404089,5617923730,1160714422,750760,19,41
1441240243.65223,template1,0,0,0,0,0,0,0,0,0,0
1441240243.65223,template0,0,0,0,0,0,0,0,0,0,0
1441240243.65223,postgres,0,217,0,1246,9424,104763,2599,0,0,0
1441240243.65223,dbt3,6,1365,0,201833090,561406879,5617929139,1160715761,750760,19,41
1441240303.65413,template1,0,0,0,0,0,0,0,0,0,0
1441240303.65413,template0,0,0,0,0,0,0,0,0,0,0
1441240303.65413,postgres,0,219,0,1246,9500,105726,2610,0,0,0
1441240303.65413,dbt3,6,1377,0,201833090,561409669,5617934548,1160717100,750760,19,41
1441240363.65564,template1,0,0,0,0,0,0,0,0,0,0
1441240363.65564,template0,0,0,0,0,0,0,0,0,0,0
1441240363.65564,postgres,0,221,0,1246,9576,106689,2621,0,0,0
1441240363.65564,dbt3,6,1389,0,201833090,561412459,5617939957,1160718439,750760,19,41
1441240423.65761,template1,0,0,0,0,0,0,0,0,0,0
1441240423.65761,template0,0,0,0,0,0,0,0,0,0,0
1441240423.65761,postgres,0,223,0,1246,9652,107652,2632,0,0,0
1441240423.65761,dbt3,6,1401,0,201833090,561415249,5617945366,1160719778,750760,19,41
1441240483.65944,template1,0,0,0,0,0,0,0,0,0,0
1441240483.65944,template0,0,0,0,0,0,0,0,0,0,0
1441240483.65944,postgres,0,225,0,1246,9728,108615,2643,0,0,0
1441240483.65944,dbt3,6,1413,0,201833090,561418039,5617950775,1160721117,750760,19,41
1441240543.66123,template1,0,0,0,0,0,0,0,0,0,0
1441240543.66123,template0,0,0,0,0,0,0,0,0,0,0
1441240543.66123,postgres,0,227,0,1246,9804,109578,2654,0,0,0
1441240543.66123,dbt3,6,1425,0,201833090,561420829,5617956184,1160722456,750760,19,41
1441240603.6631,template1,0,0,0,0,0,0,0,0,0,0
1441240603.6631,template0,0,0,0,0,0,0,0,0,0,0
1441240603.6631,postgres,0,229,0,1246,9880,110541,2665,0,0,0
1441240603.6631,dbt3,6,1437,0,201833090,561423619,5617961593,1160723795,750760,19,41
1441240663.66521,template1,0,0,0,0,0,0,0,0,0,0
1441240663.66521,template0,0,0,0,0,0,0,0,0,0,0
1441240663.66521,postgres,0,231,0,1246,9956,111504,2676,0,0,0
1441240663.66521,dbt3,6,1449,0,201833090,561426409,5617967002,1160725134,750760,19,41
1441240723.66945,template1,0,0,0,0,0,0,0,0,0,0
1441240723.66945,template0,0,0,0,0,0,0,0,0,0,0
1441240723.66945,postgres,0,233,0,1246,10032,112467,2687,0,0,0
1441240723.66945,dbt3,6,1461,0,201833090,561429199,5617972411,1160726473,750760,19,41
1441240783.66878,template1,0,0,0,0,0,0,0,0,0,0
1441240783.66878,template0,0,0,0,0,0,0,0,0,0,0
1441240783.66878,postgres,0,235,0,1246,10108,113430,2698,0,0,0
1441240783.66878,dbt3,6,1473,0,201833090,561431989,5617977820,1160727812,750760,19,41
1441240843.67047,template1,0,0,0,0,0,0,0,0,0,0
1441240843.67047,template0,0,0,0,0,0,0,0,0,0,0
1441240843.67047,postgres,0,237,0,1246,10184,114393,2709,0,0,0
1441240843.67047,dbt3,6,1485,0,201833090,561434779,5617983229,1160729151,750760,19,41
1441240903.67804,template1,0,0,0,0,0,0,0,0,0,0
1441240903.67804,template0,0,0,0,0,0,0,0,0,0,0
1441240903.67804,postgres,0,239,0,1246,10260,115356,2720,0,0,0
1441240903.67804,dbt3,6,1502,1,210576487,561438531,6081983069,1160731154,750761,20,41
1441240963.67855,template1,0,0,0,0,0,0,0,0,0,0
1441240963.67855,template0,0,0,0,0,0,0,0,0,0,0
1441240963.67855,postgres,0,241,0,1246,10336,116319,2731,0,0,0
1441240963.67855,dbt3,6,1514,1,210576487,561441321,6081988478,1160732493,750761,20,41
1441241023.6814,template1,0,0,0,0,0,0,0,0,0,0
1441241023.6814,template0,0,0,0,0,0,0,0,0,0,0
1441241023.6814,postgres,0,243,0,1246,10412,117282,2742,0,0,0
1441241023.6814,dbt3,6,1526,1,210576487,561444111,6081993887,1160733832,750761,20,41
1441241083.68293,template1,0,0,0,0,0,0,0,0,0,0
1441241083.68293,template0,0,0,0,0,0,0,0,0,0,0
1441241083.68293,postgres,0,245,0,1246,10488,118245,2753,0,0,0
1441241083.68293,dbt3,6,1538,1,210576487,561446901,6081999296,1160735171,750761,20,41
1441241143.68737,template1,0,0,0,0,0,0,0,0,0,0
1441241143.68737,template0,0,0,0,0,0,0,0,0,0,0
1441241143.68737,postgres,0,247,0,1246,10564,119208,2764,0,0,0
1441241143.68737,dbt3,6,1550,1,210576506,561449672,6082004705,1160736510,750761,20,41
1441241203.68729,template1,0,0,0,0,0,0,0,0,0,0
1441241203.68729,template0,0,0,0,0,0,0,0,0,0,0
1441241203.68729,postgres,0,249,0,1278,10608,120171,2775,0,0,0
1441241203.68729,dbt3,6,1562,1,210576648,561452320,6082010114,1160737849,750761,20,41
1441241263.68843,template1,0,0,0,0,0,0,0,0,0,0
1441241263.68843,template0,0,0,0,0,0,0,0,0,0,0
1441241263.68843,postgres,0,251,0,1310,10652,121134,2786,0,0,0
1441241263.68843,dbt3,6,1588,1,225326561,562056354,6257558512,1314974806,750763,25,41
1441241323.69026,template1,0,0,0,0,0,0,0,0,0,0
1441241323.69026,template0,0,0,0,0,0,0,0,0,0,0
1441241323.69026,postgres,0,253,0,1329,10709,122097,2797,0,0,0
1441241323.69026,dbt3,6,1600,1,225326581,562059124,6257563921,1314976145,750763,25,41
1441241383.69284,template1,0,0,0,0,0,0,0,0,0,0
1441241383.69284,template0,0,0,0,0,0,0,0,0,0,0
1441241383.69284,postgres,0,255,0,1348,10766,123060,2808,0,0,0
1441241383.69284,dbt3,6,1612,1,225326619,562061876,6257569330,1314977484,750763,25,41
1441241443.69475,template1,0,0,0,0,0,0,0,0,0,0
1441241443.69475,template0,0,0,0,0,0,0,0,0,0,0
1441241443.69475,postgres,0,257,0,1380,10810,124023,2819,0,0,0
1441241443.69475,dbt3,6,1624,1,225326758,562064527,6257574739,1314978823,750763,25,41
1441241503.69637,template1,0,0,0,0,0,0,0,0,0,0
1441241503.69637,template0,0,0,0,0,0,0,0,0,0,0
1441241503.69637,postgres,0,259,0,1412,10854,124986,2830,0,0,0
1441241503.69637,dbt3,6,1642,1,233924449,579726176,6314830011,1356138278,750764,26,41
1441241563.70405,template1,0,0,0,0,0,0,0,0,0,0
1441241563.70405,template0,0,0,0,0,0,0,0,0,0,0
1441241563.70405,postgres,0,261,0,1428,10914,125949,2841,0,0,0
1441241563.70405,dbt3,6,1654,1,233924461,579728954,6314835420,1356139617,750764,26,41
1441241623.70321,template1,0,0,0,0,0,0,0,0,0,0
1441241623.70321,template0,0,0,0,0,0,0,0,0,0,0
1441241623.70321,postgres,0,263,0,1428,10990,126912,2852,0,0,0
1441241623.70321,dbt3,6,1666,1,233924461,579731744,6314840829,1356140956,750764,26,41
1441241683.70598,template1,0,0,0,0,0,0,0,0,0,0
1441241683.70598,template0,0,0,0,0,0,0,0,0,0,0
1441241683.70598,postgres,0,265,0,1428,11066,127875,2863,0,0,0
1441241683.70598,dbt3,6,1678,1,233924461,579734534,6314846238,1356142295,750764,26,41
1441241743.70743,template1,0,0,0,0,0,0,0,0,0,0
1441241743.70743,template0,0,0,0,0,0,0,0,0,0,0
1441241743.70743,postgres,0,267,0,1444,11126,128838,2874,0,0,0
1441241743.70743,dbt3,6,1690,1,233924473,579737312,6314851647,1356143634,750764,26,41
1441241803.70931,template1,0,0,0,0,0,0,0,0,0,0
1441241803.70931,template0,0,0,0,0,0,0,0,0,0,0
1441241803.70931,postgres,0,269,0,1460,11186,129801,2885,0,0,0
1441241803.70931,dbt3,6,1702,1,233924490,579740085,6314857056,1356144973,750764,26,41
1441241863.71117,template1,0,0,0,0,0,0,0,0,0,0
1441241863.71117,template0,0,0,0,0,0,0,0,0,0,0
1441241863.71117,postgres,0,271,0,1476,11246,130764,2896,0,0,0
1441241863.71117,dbt3,6,1714,1,233924516,579742849,6314862465,1356146312,750764,26,41
1441241923.71297,template1,0,0,0,0,0,0,0,0,0,0
1441241923.71297,template0,0,0,0,0,0,0,0,0,0,0
1441241923.71297,postgres,0,273,0,1495,11303,131727,2907,0,0,0
1441241923.71297,dbt3,6,1726,1,233924535,579745620,6314867874,1356147651,750764,26,41
1441241983.71464,template1,0,0,0,0,0,0,0,0,0,0
1441241983.71464,template0,0,0,0,0,0,0,0,0,0,0
1441241983.71464,postgres,0,275,0,1511,11363,132690,2918,0,0,0
1441241983.71464,dbt3,6,1738,1,233924563,579748382,6314873283,1356148990,750764,26,41
1441242043.71662,template1,0,0,0,0,0,0,0,0,0,0
1441242043.71662,template0,0,0,0,0,0,0,0,0,0,0
1441242043.71662,postgres,0,277,0,1530,11420,133653,2929,0,0,0
1441242043.71662,dbt3,6,1750,1,233924582,579751153,6314878692,1356150329,750764,26,41
1441242103.71982,template1,0,0,0,0,0,0,0,0,0,0
1441242103.71982,template0,0,0,0,0,0,0,0,0,0,0
1441242103.71982,postgres,0,279,0,1549,11477,134616,2940,0,0,0
1441242103.71982,dbt3,6,1768,1,248590535,579858079,6664581780,1538817171,750765,27,41
1441242163.72056,template1,0,0,0,0,0,0,0,0,0,0
1441242163.72056,template0,0,0,0,0,0,0,0,0,0,0
1441242163.72056,postgres,0,281,0,1549,11553,135579,2951,0,0,0
1441242163.72056,dbt3,6,1780,1,248590535,579860869,6664587189,1538818510,750765,27,41
1441242223.72849,template1,0,0,0,0,0,0,0,0,0,0
1441242223.72849,template0,0,0,0,0,0,0,0,0,0,0
1441242223.72849,postgres,0,283,0,1565,11613,136542,2962,0,0,0
1441242223.72849,dbt3,6,1792,1,248590565,579863629,6664592598,1538819849,750765,27,41
1441242283.72438,template1,0,0,0,0,0,0,0,0,0,0
1441242283.72438,template0,0,0,0,0,0,0,0,0,0,0
1441242283.72438,postgres,0,285,0,1597,11657,137505,2973,0,0,0
1441242283.72438,dbt3,6,1810,1,262617390,580070291,6887021375,1610872733,750766,28,41
1441242343.72689,template1,0,0,0,0,0,0,0,0,0,0
1441242343.72689,template0,0,0,0,0,0,0,0,0,0,0
1441242343.72689,postgres,0,287,0,1629,11701,138468,2984,0,0,0
1441242343.72689,dbt3,6,1822,1,262617444,580073027,6887026784,1610874072,750766,28,41
1441242403.72864,template1,0,0,0,0,0,0,0,0,0,0
1441242403.72864,template0,0,0,0,0,0,0,0,0,0,0
1441242403.72864,postgres,0,289,0,1629,11777,139431,2995,0,0,0
1441242403.72864,dbt3,6,1834,1,262617444,580075817,6887032193,1610875411,750766,28,41
1441242463.73059,template1,0,0,0,0,0,0,0,0,0,0
1441242463.73059,template0,0,0,0,0,0,0,0,0,0,0
1441242463.73059,postgres,0,291,0,1629,11853,140394,3006,0,0,0
1441242463.73059,dbt3,6,1846,1,262617444,580078607,6887037602,1610876750,750766,28,41
1441242523.7324,template1,0,0,0,0,0,0,0,0,0,0
1441242523.7324,template0,0,0,0,0,0,0,0,0,0,0
1441242523.7324,postgres,0,293,0,1629,11929,141357,3017,0,0,0
1441242523.7324,dbt3,6,1858,1,262617444,580081397,6887043011,1610878089,750766,28,41
